asset_id,name,code,card_id,status,identification,source_image
tts_149000,识文解意的爱书「本居小铃」,REC-104,character-rec-104,已有卡面／重复裁切,project_image_match,cards/tts_149000__character-rec-104.jpg
tts_149001,七色的人偶使「爱丽丝·玛格特洛依德」,,77,已有卡面／重复裁切,project_image_match,cards/tts_149001__77.jpg
tts_149002,祭祀风之人「东风谷早苗」,REI-026,character-rei-026,已有卡面／重复裁切,variant_ambiguous,cards/tts_149002__ambiguous.jpg
tts_149003,神隐的主犯「八云紫」,,character-fdf-ex02,已有卡面／重复裁切,project_image_match,cards/tts_149003__character-fdf-ex02.jpg
tts_149004,「天界ノ蜜桃」,,spell-lof-025,已有卡面／重复裁切,project_image_match,cards/tts_149004__spell-lof-025.jpg
tts_149005,战符「小小军势」,,153,已有卡面／重复裁切,project_image_match,cards/tts_149005__153.jpg
tts_149006,「背德ノ吸血鬼」,,110,已有卡面／重复裁切,project_image_match,cards/tts_149006__110.jpg
tts_149007,湖畔的住人「大妖精」,,13,已有卡面／重复裁切,project_image_match,cards/tts_149007__13.jpg
tts_149008,「不明ノ正体」,,139,已有卡面／重复裁切,project_image_match,cards/tts_149008__139.jpg
tts_149009,「夜ノ蝶」,,135,已有卡面／重复裁切,project_image_match,cards/tts_149009__135.jpg
tts_149010,「境界」,,114,已有卡面／重复裁切,project_image_match,cards/tts_149010__114.jpg
tts_149011,幻巢「飞光虫ノ巢」,,spell-soi-119,已有卡面／重复裁切,project_image_match,cards/tts_149011__spell-soi-119.jpg
tts_149012,运送春天的妖精「莉莉白」,SOI-006,character-soi-006,已有卡面／重复裁切,project_image_match,cards/tts_149012__character-soi-006.jpg
tts_149013,蓬莱的人之形「藤原妹红」,,21,已有卡面／重复裁切,variant_ambiguous,cards/tts_149013__ambiguous.jpg
tts_149014,「极光」,,143,已有卡面／重复裁切,project_image_match,cards/tts_149014__143.jpg
tts_149015,地狱的妖精「克劳恩皮丝」,,34,已有卡面／重复裁切,project_image_match,cards/tts_149015__34.jpg
tts_149016,「未应ノ爱」,,133,已有卡面／重复裁切,project_image_match,cards/tts_149016__133.jpg
tts_149017,「埴轮泰坦」,,54,已有卡面／重复裁切,project_image_match,cards/tts_149017__54.jpg
tts_149018,「大天狗」,,58,已有卡面／重复裁切,project_image_match,cards/tts_149018__58.jpg
tts_149019,空观剑「六根清净斩」,,118,已有卡面／重复裁切,project_image_match,cards/tts_149019__118.jpg
tts_149020,「彼岸ノ神想」,,106,已有卡面／重复裁切,project_image_match,cards/tts_149020__106.jpg
tts_149021,暗中的光虫「莉格露·奈特巴格」,,19,已有卡面／重复裁切,project_image_match,cards/tts_149021__19.jpg
tts_149022,旧史「旧秘境史-古代史-」,,119,已有卡面／重复裁切,project_image_match,cards/tts_149022__119.jpg
tts_149023,天狗记者「射命丸文」,,18,已有卡面／重复裁切,project_image_match,cards/tts_149023__18.jpg
tts_149024,大海的正义「村纱水蜜」,,60,已有卡面／重复裁切,project_image_match,cards/tts_149024__60.jpg
tts_149025,「今昔ノ花」,,148,已有卡面／重复裁切,project_image_match,cards/tts_149025__148.jpg
tts_149026,念写记者「姬海棠果」,,25,已有卡面／重复裁切,project_image_match,cards/tts_149026__25.jpg
tts_149028,星降的风水师「物部布都」,,49,已有卡面／重复裁切,project_image_match,cards/tts_149028__49.jpg
tts_149029,幻想乡的记忆「稗田阿求」,,44,已有卡面／重复裁切,project_image_match,cards/tts_149029__44.jpg
tts_149030,「人神ノ嬉」,SOI-098,spell-soi-098,已有卡面／重复裁切,project_image_match,cards/tts_149030__spell-soi-098.jpg
tts_149031,「万华ノ镜」,,102,已有卡面／重复裁切,project_image_match,cards/tts_149031__102.jpg
tts_149032,「花ノ幻想」,,146,已有卡面／重复裁切,project_image_match,cards/tts_149032__146.jpg
tts_149033,幻想「花鸟风月、啸风弄月」,,158,已有卡面／重复裁切,project_image_match,cards/tts_149033__158.jpg
tts_149034,有顶ノ天,,174,已有卡面／重复裁切,project_image_match,cards/tts_149034__174.jpg
tts_149035,祈风之人「东风谷早苗」,,9,已有卡面／重复裁切,project_image_match,cards/tts_149035__9.jpg
tts_149036,键盘手「莉莉卡·普莉兹姆利巴」,,29,已有卡面／重复裁切,project_image_match,cards/tts_149036__29.jpg
tts_149037,二百由旬之一闪「魂魄妖梦」,,87,已有卡面／重复裁切,project_image_match,cards/tts_149037__87.jpg
tts_149038,「九天ノ瀑布」,,127,已有卡面／重复裁切,project_image_match,cards/tts_149038__127.jpg
tts_149039,甜蜜毒药「梅蒂欣·梅兰可莉」,,17,已有卡面／重复裁切,project_image_match,cards/tts_149039__17.jpg
tts_149040,大地的守护神「比那名居天子」,,character-fdf-ex04,已有卡面／重复裁切,project_image_match,cards/tts_149040__character-fdf-ex04.jpg
tts_149041,「深红ノ进击」,,144,已有卡面／重复裁切,project_image_match,cards/tts_149041__144.jpg
tts_149042,「游行圣」,,160,已有卡面／重复裁切,project_image_match,cards/tts_149042__160.jpg
tts_149043,恶魔之妹「芙兰朵露·斯卡蕾特」,,character-fdf-ex01,已有卡面／重复裁切,project_image_match,cards/tts_149043__character-fdf-ex01.jpg
tts_149044,「神游」,,131,已有卡面／重复裁切,project_image_match,cards/tts_149044__131.jpg
tts_149045,「秋」,,142,已有卡面／重复裁切,project_image_match,cards/tts_149045__142.jpg
tts_149046,「魍魉」,,51,已有卡面／重复裁切,project_image_match,cards/tts_149046__51.jpg
tts_149047,「鬼神长」,,50,已有卡面／重复裁切,project_image_match,cards/tts_149047__50.jpg
tts_149048,恋符「极限火花」,,99,已有卡面／重复裁切,project_image_match,cards/tts_149048__99.jpg
tts_149049,「蕾米莉亚的烛台」,,165,已有卡面／重复裁切,project_image_match,cards/tts_149049__165.jpg
tts_149050,「妖魔书」,,164,已有卡面／重复裁切,project_image_match,cards/tts_149050__164.jpg
tts_149051,三月精「斯塔·萨菲雅」,,3,已有卡面／重复裁切,project_image_match,cards/tts_149051__3.jpg
tts_149052,无名ノ丘,,171,已有卡面／重复裁切,project_image_match,cards/tts_149052__171.jpg
tts_149053,魔神复诵「圣白莲」,,character-fdf-ex03,已有卡面／重复裁切,project_image_match,cards/tts_149053__character-fdf-ex03.jpg
tts_149054,地狱的最高裁判长「四季映姬」,,35,已有卡面／重复裁切,project_image_match,cards/tts_149054__35.jpg
tts_149055,「小恶魔」,,14,已有卡面／重复裁切,project_image_match,cards/tts_149055__14.jpg
tts_149056,冥界,,175,已有卡面／重复裁切,project_image_match,cards/tts_149056__175.jpg
tts_149057,「宵暗ノ翼」,,129,已有卡面／重复裁切,project_image_match,cards/tts_149057__129.jpg
tts_149058,小号手「梅露兰·普莉兹姆利巴」,,30,已有卡面／重复裁切,project_image_match,cards/tts_149058__30.jpg
tts_149059,红魔馆的女仆「十六夜咲夜」,,75,已有卡面／重复裁切,project_image_match,cards/tts_149059__75.jpg
tts_149060,「魔理沙的元素瓶」,,167,已有卡面／重复裁切,project_image_match,cards/tts_149060__167.jpg
tts_149061,「春」,SOI-111,spell-mar-013,已收录异画,face_rules_workbook,cards/tts_149061__unmatched.jpg
tts_149062,「山童士兵」,,53,已有卡面／重复裁切,project_image_match,cards/tts_149062__53.jpg
tts_149063,「高阶恶魔」,,52,已有卡面／重复裁切,project_image_match,cards/tts_149063__52.jpg
tts_149064,雪之亡灵「西行寺幽幽子」,,48,已有卡面／重复裁切,project_image_match,cards/tts_149064__48.jpg
tts_149065,「太阳ノ花田」,,116,已有卡面／重复裁切,project_image_match,cards/tts_149065__116.jpg
tts_149066,七曜魔法使「帕秋莉·诺蕾姬」,,character-mar-ex01,已有卡面／重复裁切,project_image_match,cards/tts_149066__character-mar-ex01.jpg
tts_149067,「缘起ノ幻想乡」,,111,已有卡面／重复裁切,project_image_match,cards/tts_149067__111.jpg
tts_149068,第三只眼「古明地觉」,,76,已有卡面／重复裁切,project_image_match,cards/tts_149068__76.jpg
tts_149200,邪术仙人「霍青娥」,,62,已有卡面／重复裁切,project_image_match,cards/tts_149200__62.jpg
tts_149201,「幻想ノ灵火」,,152,已有卡面／重复裁切,project_image_match,cards/tts_149201__152.jpg
tts_149202,永远与须臾的罪人「蓬莱山辉夜」,,85,已有卡面／重复裁切,project_image_match,cards/tts_149202__85.jpg
tts_149203,幻世「the world」,,121,已有卡面／重复裁切,project_image_match,cards/tts_149203__121.jpg
tts_149204,土著神「小小青蛙不输风雨」,,151,已有卡面／重复裁切,project_image_match,cards/tts_149204__151.jpg
tts_149205,火水木金土符「贤者之石」,,128,已有卡面／重复裁切,project_image_match,cards/tts_149205__128.jpg
tts_149206,无名的读书妖怪「朱鹭子」,,character-mar-025,已有卡面／重复裁切,project_image_match,cards/tts_149206__character-mar-025.jpg
tts_149207,「幽幽子的折扇」,,168,已有卡面／重复裁切,project_image_match,cards/tts_149207__168.jpg
tts_149208,雾ノ湖,,172,已有卡面／重复裁切,project_image_match,cards/tts_149208__172.jpg
tts_149209,丰收之秋「秋穰子」,,character-rei-023,已有卡面／重复裁切,project_image_match,cards/tts_149209__character-rei-023.jpg
tts_149210,「上海人偶」,,8,已有卡面／重复裁切,project_image_match,cards/tts_149210__8.jpg
tts_149211,遗忘之伞「多多良小伞」,,59,已有卡面／重复裁切,project_image_match,cards/tts_149211__59.jpg
tts_149212,宵暗的妖怪「露米娅」,,15,已有卡面／重复裁切,project_image_match,cards/tts_149212__15.jpg
tts_149213,「蓬莱人偶」,,7,已有卡面／重复裁切,project_image_match,cards/tts_149213__7.jpg
tts_149214,巡秋而来「秋静叶」,,11,已有卡面／重复裁切,project_image_match,cards/tts_149214__11.jpg
tts_149215,阳花的妖怪「风见幽香」,SOI-018,character-soi-018,已有卡面／重复裁切,project_image_match,cards/tts_149215__character-soi-018.jpg
tts_149216,问答无用「云居一轮&云山」,,67,已有卡面／重复裁切,project_image_match,cards/tts_149216__67.jpg
tts_149217,漆黑的噬龙者「姬虫百百世」,,43,已有卡面／重复裁切,project_image_match,cards/tts_149217__43.jpg
tts_149219,地壳下的嫉妒心「水桥帕露西」,,23,已有卡面／重复裁切,project_image_match,cards/tts_149219__23.jpg
tts_149221,「幽冥境」,,132,已有卡面／重复裁切,project_image_match,cards/tts_149221__132.jpg
tts_149222,地底的太阳「灵乌路空」,,78,已有卡面／重复裁切,project_image_match,cards/tts_149222__78.jpg
tts_149223,三途川之引渡人「小野冢小町」,,26,已有卡面／重复裁切,project_image_match,cards/tts_149223__26.jpg
tts_149224,冬之妖怪「蕾蒂·霍瓦特洛克」,,12,已有卡面／重复裁切,project_image_match,cards/tts_149224__12.jpg
tts_149225,「天ノ磐舟」,,136,已有卡面／重复裁切,project_image_match,cards/tts_149225__136.jpg
tts_149226,未知力量X「封兽ぬえ」,,64,已有卡面／重复裁切,project_image_match,cards/tts_149226__64.jpg
tts_149227,华胥的亡灵「西行寺幽幽子」,,71,已有卡面／重复裁切,project_image_match,cards/tts_149227__71.jpg
tts_149228,「Hell's Tokamak」,,162,已有卡面／重复裁切,project_image_match,cards/tts_149228__162.jpg
tts_149229,仲夏的妖精「爱塔妮缇拉尔瓦」,,character-lof-017,已有卡面／重复裁切,project_image_match,cards/tts_149229__character-lof-017.jpg
tts_149230,地狱的轮祸「火焰猫燐」,,91,已有卡面／重复裁切,project_image_match,cards/tts_149230__91.jpg
tts_149231,「狼女」,SOI-004,soi_unit_004,已收录异画,face_rules_workbook,cards/tts_149231__unmatched.jpg
tts_149232,心ノ箱,,173,已有卡面／重复裁切,project_image_match,cards/tts_149232__173.jpg
tts_149233,狂气月兔「铃仙·优昙华院·因幡」,,33,已有卡面／重复裁切,project_image_match,cards/tts_149233__33.jpg
tts_149234,美丽的绯之衣「永江衣玖」,SOI-039,character-mar-024,已收录异画,face_rules_workbook,cards/tts_149234__unmatched.jpg
tts_149235,「永夜归返-子ノ刻-」,,159,已有卡面／重复裁切,project_image_match,cards/tts_149235__159.jpg
tts_149236,「龙宫使者」,,56,已有卡面／重复裁切,project_image_match,cards/tts_149236__56.jpg
tts_149237,土著神之顶「洩矢诹访子」,,93,已有卡面／重复裁切,project_image_match,cards/tts_149237__93.jpg
tts_149238,可怕的波动「芙兰朵露·斯卡蕾特」,,6,已有卡面／重复裁切,project_image_match,cards/tts_149238__6.jpg
tts_149239,毗沙门天「寅丸星」,SOI-067,character-rei-022,已收录异画,face_rules_workbook,cards/tts_149239__unmatched.jpg
tts_149240,「天ノ羽衣」,,138,已有卡面／重复裁切,project_image_match,cards/tts_149240__138.jpg
tts_149241,湖上的冰精「琪露诺」,,80,已有卡面／重复裁切,project_image_match,cards/tts_149241__80.jpg
tts_149242,「风元素」,,55,已有卡面／重复裁切,project_image_match,cards/tts_149242__55.jpg
tts_149243,「审ノ视」,,140,已有卡面／重复裁切,project_image_match,cards/tts_149243__140.jpg
tts_149244,「神ノ风」,,134,已有卡面／重复裁切,project_image_match,cards/tts_149244__134.jpg
tts_149245,「秋意ノ溪」,,94,已有卡面／重复裁切,project_image_match,cards/tts_149245__94.jpg
tts_149246,未确认幻想飞行物「封兽ぬえ」,,soi_unit_086,已有卡面／重复裁切,project_image_match,cards/tts_149246__soi_unit_086.jpg
tts_149247,「秘神ノ门扉」,,149,已有卡面／重复裁切,project_image_match,cards/tts_149247__149.jpg
tts_149248,「稻田姬ノ秋」,,107,已有卡面／重复裁切,project_image_match,cards/tts_149248__107.jpg
tts_149249,「早苗的御币」,,166,已有卡面／重复裁切,project_image_match,cards/tts_149249__166.jpg
tts_149250,「橙」,,46,已有卡面／重复裁切,project_image_match,cards/tts_149250__46.jpg
tts_149251,博丽神社,,170,已有卡面／重复裁切,project_image_match,cards/tts_149251__170.jpg
tts_149252,独臂有角的仙人「茨木华扇」,,31,已有卡面／重复裁切,project_image_match,cards/tts_149252__31.jpg
tts_149253,神枪「冈格尼尔」,,109,已有卡面／重复裁切,project_image_match,cards/tts_149253__109.jpg
tts_149254,「甜蜜时刻」,,112,已有卡面／重复裁切,project_image_match,cards/tts_149254__112.jpg
tts_149255,「废墟ノ梦」,,124,已有卡面／重复裁切,project_image_match,cards/tts_149255__124.jpg
tts_149256,孤援的造型神「埴安神袿姬」,,45,已有卡面／重复裁切,project_image_match,cards/tts_149256__45.jpg
tts_149257,「萤燈ノ森」,,163,已有卡面／重复裁切,project_image_match,cards/tts_149257__163.jpg
tts_149258,探宝队员「纳兹琳」,,63,已有卡面／重复裁切,project_image_match,cards/tts_149258__63.jpg
tts_149259,乐园的可爱巫女「博丽灵梦」,,70,已有卡面／重复裁切,project_image_match,cards/tts_149259__70.jpg
tts_149260,「正义宝塔ノ光」,,177,已有卡面／重复裁切,project_image_match,cards/tts_149260__177.jpg
tts_149261,「异星弹幕ノ空」,,176,已有卡面／重复裁切,project_image_match,cards/tts_149261__176.jpg
tts_149262,「风神的神德」,,150,已有卡面／重复裁切,project_image_match,cards/tts_149262__150.jpg
tts_149263,红魔馆,,169,已有卡面／重复裁切,project_image_match,cards/tts_149263__169.jpg
tts_149264,「常夜ノ樱」,SOI-121,spell-htk-018,已收录异画,face_rules_workbook,cards/tts_149264__unmatched.jpg
tts_149265,奇迹「白昼ノ客星」,,105,已有卡面／重复裁切,project_image_match,cards/tts_149265__105.jpg
tts_149266,「玩耍的妖精」,,57,已有卡面／重复裁切,project_image_match,cards/tts_149266__57.jpg
tts_149267,本能「本我的解放」,,125,已有卡面／重复裁切,project_image_match,cards/tts_149267__125.jpg
tts_149268,灵符「梦想封印-瞬-」,,100,已有卡面／重复裁切,project_image_match,cards/tts_149268__100.jpg
tts_149400,「妖精ノ祭典」,,155,已有卡面／重复裁切,project_image_match,cards/tts_149400__155.jpg
tts_149401,刚欲同盟盟主「饕餮尤魔」,,41,已有卡面／重复裁切,project_image_match,cards/tts_149401__41.jpg
tts_149402,日之光「桑尼·米尔克」,,1,已有卡面／重复裁切,project_image_match,cards/tts_149402__1.jpg
tts_149403,普通的魔法使「雾雨魔理沙」,SOI-070,68,已收录异画,face_rules_workbook,cards/tts_149403__unmatched.jpg
tts_149404,「秋穰子的红薯」,,,未对应当前卡池,face_transcription,cards/tts_149404__unmatched.jpg
tts_149405,「妖精ノ嬉游」,,97,已有卡面／重复裁切,project_image_match,cards/tts_149405__97.jpg
tts_149406,「无意识ノ雨」,,147,已有卡面／重复裁切,project_image_match,cards/tts_149406__147.jpg
tts_149407,回声山彦「幽谷响子」,,66,已有卡面／重复裁切,project_image_match,cards/tts_149407__66.jpg
tts_149408,禁忌「莱瓦汀」,,104,已有卡面／重复裁切,project_image_match,cards/tts_149408__104.jpg
tts_149409,无理非道的仙人「霍青娥」,,42,已有卡面／重复裁切,project_image_match,cards/tts_149409__42.jpg
tts_149410,「妖恋谈」,,101,已有卡面／重复裁切,project_image_match,cards/tts_149410__101.jpg
tts_149411,月之光「露娜·切露德」,,2,已有卡面／重复裁切,project_image_match,cards/tts_149411__2.jpg
tts_149412,「反魂蝶」,,120,已有卡面／重复裁切,project_image_match,cards/tts_149412__120.jpg
tts_149413,「出鞘」,,141,已有卡面／重复裁切,project_image_match,cards/tts_149413__141.jpg
tts_149414,紧闭的恋之瞳「古明地恋」,,73,已有卡面／重复裁切,project_image_match,cards/tts_149414__73.jpg
tts_149415,吞噬历史的半兽「上白泽慧音」,FDF-EX05,character-fdf-ex05,已收录异画,face_rules_workbook,cards/tts_149415__unmatched.jpg
tts_149416,水中工程师「河城荷取」,,27,已有卡面／重复裁切,project_image_match,cards/tts_149416__27.jpg
tts_149417,「天狗ノ防御」,,123,已有卡面／重复裁切,project_image_match,cards/tts_149417__123.jpg
tts_149418,苍天的庭师「魂魄妖梦」,,39,已有卡面／重复裁切,project_image_match,cards/tts_149418__39.jpg
tts_149419,式神「八云蓝」,,24,已有卡面／重复裁切,project_image_match,cards/tts_149419__24.jpg
tts_149420,提琴手「露娜萨·普莉兹姆利巴」,,28,已有卡面／重复裁切,project_image_match,cards/tts_149420__28.jpg
tts_149421,要石「开天辟地ノ压」,,154,已有卡面／重复裁切,project_image_match,cards/tts_149421__154.jpg
tts_149422,「活动记录」,,113,已有卡面／重复裁切,project_image_match,cards/tts_149422__113.jpg
tts_149423,秘神流雏「键山雏」,,32,已有卡面／重复裁切,project_image_match,cards/tts_149423__32.jpg
tts_149424,「樱华ノ月」,,96,已有卡面／重复裁切,project_image_match,cards/tts_149424__96.jpg
tts_149426,「幻想风靡」,,122,已有卡面／重复裁切,project_image_match,cards/tts_149426__122.jpg
tts_149427,永远鲜红的幼月「蕾米莉亚·斯卡蕾特」,,74,已有卡面／重复裁切,project_image_match,cards/tts_149427__74.jpg
tts_149428,八坂的神风「八坂神奈子」,,82,已有卡面／重复裁切,project_image_match,cards/tts_149428__82.jpg
tts_149429,妖怪「火焰ノ车轮」,,161,已有卡面／重复裁切,project_image_match,cards/tts_149429__161.jpg
tts_149430,妖云「平安时代ノ黑云」,,178,已有卡面／重复裁切,project_image_match,cards/tts_149430__178.jpg
tts_149431,想起「恐怖ノ回忆」,,157,已有卡面／重复裁切,project_image_match,cards/tts_149431__157.jpg
tts_149432,「天狗ノ晴岚」,,98,已有卡面／重复裁切,project_image_match,cards/tts_149432__98.jpg
tts_149433,「萤火ノ天」,,103,已有卡面／重复裁切,project_image_match,cards/tts_149433__103.jpg
tts_149434,冻符「完美冻结」,,156,已有卡面／重复裁切,project_image_match,cards/tts_149434__156.jpg
tts_149435,「永夜蛰居」,,130,已有卡面／重复裁切,project_image_match,cards/tts_149435__130.jpg
tts_149436,恶魔的门番「红美铃」,,47,已有卡面／重复裁切,project_image_match,cards/tts_149436__47.jpg
tts_149437,百鬼夜行「伊吹萃香」,,90,已有卡面／重复裁切,project_image_match,cards/tts_149437__90.jpg
tts_149438,夜雀「米斯蒂娅·萝蕾拉」,,22,已有卡面／重复裁切,project_image_match,cards/tts_149438__22.jpg
tts_149439,「静空」,,145,已有卡面／重复裁切,project_image_match,cards/tts_149439__145.jpg
tts_149440,幸运的白兔「因幡帝」,,character-rec-096,已有卡面／重复裁切,project_image_match,cards/tts_149440__character-rec-096.jpg
tts_149441,「大妖精」,,5,已有卡面／重复裁切,project_image_match,cards/tts_149441__5.jpg
tts_149443,「百万鬼夜行」,,137,已有卡面／重复裁切,project_image_match,cards/tts_149443__137.jpg
tts_149444,「湖上」,,126,已有卡面／重复裁切,project_image_match,cards/tts_149444__126.jpg
tts_149446,辉光ノ城,,field-smm-004,已有卡面／重复裁切,variant_ambiguous,cards/tts_149446__ambiguous.jpg
tts_149447,「血族的末裔」,,spell-kmo-004,已有卡面／重复裁切,project_image_match,cards/tts_149447__spell-kmo-004.jpg
tts_149448,「春雪」,,spell-kmo-005,已有卡面／重复裁切,project_image_match,cards/tts_149448__spell-kmo-005.jpg
tts_149449,开海「摩西ノ奇迹」,,spell-rec-055,已有卡面／重复裁切,variant_ambiguous,cards/tts_149449__ambiguous.jpg
tts_149450,死神「彼岸归航」,,spell-kmo-002,已有卡面／重复裁切,project_image_match,cards/tts_149450__spell-kmo-002.jpg
tts_149451,小槌「变大吧」,,spell-rec-054,已有卡面／重复裁切,variant_ambiguous,cards/tts_149451__ambiguous.jpg
tts_149452,竹林中的狼人「今泉影狼」,,character-kmo-005,已有卡面／重复裁切,project_image_match,cards/tts_149452__character-kmo-005.jpg
tts_149453,小人的公主「少名针妙丸」,,character-smm05,已有卡面／重复裁切,project_image_match,cards/tts_149453__character-smm05.jpg
tts_149454,「小憩」,,spell-smm-006,已有卡面／重复裁切,project_image_match,cards/tts_149454__spell-smm-006.jpg
tts_149455,彼岸的渡者「小野冢小町」,,character-kmo-001,已有卡面／重复裁切,project_image_match,cards/tts_149455__character-kmo-001.jpg
tts_149456,小人的后裔「少名针妙丸」,,character-smm01,已有卡面／重复裁切,project_image_match,cards/tts_149456__character-smm01.jpg
tts_149542,飞散红叶的天狗「射命丸文」,,79,已有卡面／重复裁切,project_image_match,cards/tts_149542__79.jpg
tts_149545,塞符「天上天下的照国」,,spell-kmo-003,已有卡面／重复裁切,variant_ambiguous,cards/tts_149545__ambiguous.jpg
tts_149600,忠诚的死体「宫古芳香」,,61,已有卡面／重复裁切,project_image_match,cards/tts_149600__61.jpg
tts_149700,引雷的亡灵「苏我屠自古」,,38,已有卡面／重复裁切,project_image_match,cards/tts_149700__38.jpg
tts_149800,四季鲜花之主「风见幽香」,,86,已有卡面／重复裁切,project_image_match,cards/tts_149800__86.jpg
tts_149900,永远鲜红的幼月「蕾米莉亚·斯卡蕾特」,SOI-117,74,已收录异画,face_rules_workbook,cards/tts_149900__unmatched.jpg
tts_150000,普通的魔法使「雾雨魔理沙」,,68,已有卡面／重复裁切,project_image_match,cards/tts_150000__68.jpg
tts_150100,蝙蝠衍生物,KMO-027,token-kmo-027,已有卡面／重复裁切,project_image_match,cards/tts_150100__token-kmo-027.jpg
tts_150200,小人衍生物,SMM-025,token-smm-025,已有卡面／重复裁切,project_image_match,cards/tts_150200__token-smm-025.jpg
tts_150301,蓬莱之药,UCS-093,token-ucs-093,待核对规则／数值,face_rules_workbook,cards/tts_150301__unmatched.jpg
tts_150302,「八卦炉」,,item-mar-017,已有卡面／重复裁切,project_image_match,cards/tts_150302__item-mar-017.jpg
tts_150303,「幽香的阳伞」,,item-ucs-005,已有卡面／重复裁切,project_image_match,cards/tts_150303__item-ucs-005.jpg
tts_150304,「风祝的头饰」,,item-ucs-013,已有卡面／重复裁切,project_image_match,cards/tts_150304__item-ucs-013.jpg
tts_150305,「河童背包」,,item-ucs-012,已有卡面／重复裁切,project_image_match,cards/tts_150305__item-ucs-012.jpg
tts_150306,「死神的大镰」,,item-ucs-017,已有卡面／重复裁切,project_image_match,cards/tts_150306__item-ucs-017.jpg
tts_150338,繁星的引导者「饭纲丸龙」,,character-ucs-003,已有卡面／重复裁切,project_image_match,cards/tts_150338__character-ucs-003.jpg
tts_150339,高地的山女「驹草山如」,,character-ucs-007,已有卡面／重复裁切,project_image_match,cards/tts_150339__character-ucs-007.jpg
tts_150340,洞窟之网「黑谷山女」,,character-ucs-010,已有卡面／重复裁切,project_image_match,cards/tts_150340__character-ucs-010.jpg
tts_150341,腹黑的人鱼公主「若鹭姬」,,character-ucs-016,已有卡面／重复裁切,project_image_match,cards/tts_150341__character-ucs-016.jpg
tts_150343,「诹访子与赤口大人」,,character-ucs-025,已有卡面／重复裁切,project_image_match,cards/tts_150343__character-ucs-025.jpg
tts_150344,实验中的魔女「雾雨魔理沙」,,character-mar-020,已有卡面／重复裁切,project_image_match,cards/tts_150344__character-mar-020.jpg
tts_150345,小径的红叶巫女「博丽灵梦」,,character-rei-017,已有卡面／重复裁切,project_image_match,cards/tts_150345__character-rei-017.jpg
tts_150346,小夜岚的女仆「十六夜咲夜」,,character-ucs-032,已有卡面／重复裁切,project_image_match,cards/tts_150346__character-ucs-032.jpg
tts_150347,空想人格的保持者「古明地恋」,,character-ucs-034,已有卡面／重复裁切,project_image_match,cards/tts_150347__character-ucs-034.jpg
tts_150348,孤影悄然的妖怪「古明地觉」,,character-ucs-036,已有卡面／重复裁切,project_image_match,cards/tts_150348__character-ucs-036.jpg
tts_150349,旧地狱的宠物妖怪「火焰猫燐」,,character-ucs-038,已有卡面／重复裁切,project_image_match,cards/tts_150349__character-ucs-038.jpg
tts_150350,知识与避世的少女「帕秋莉·诺蕾姬」,,character-mar-021,已有卡面／重复裁切,project_image_match,cards/tts_150350__character-mar-021.jpg
tts_150351,少女秘封俱乐部「宇佐见莲子」,,character-ucs-020,已有卡面／重复裁切,project_image_match,cards/tts_150351__character-ucs-020.jpg
tts_150352,少女秘封俱乐部「玛艾露贝莉·赫恩」,,character-ucs-021,已有卡面／重复裁切,project_image_match,cards/tts_150352__character-ucs-021.jpg
tts_150353,绿眼的无间妒嫉「水桥帕露西」,,character-ucs-042,已有卡面／重复裁切,project_image_match,cards/tts_150353__character-ucs-042.jpg
tts_150354,深山的妖怪「山城高岭」,,character-ucs-044,已有卡面／重复裁切,project_image_match,cards/tts_150354__character-ucs-044.jpg
tts_150355,水中的迷彩「河城荷取」,,character-ucs-046,已有卡面／重复裁切,project_image_match,cards/tts_150355__character-ucs-046.jpg
tts_150356,「法兰西人偶」,,character-ucs-048,已有卡面／重复裁切,project_image_match,cards/tts_150356__character-ucs-048.jpg
tts_150357,剧毒的死体「宫古芳香」,,character-ucs-073,已有卡面／重复裁切,project_image_match,cards/tts_150357__character-ucs-073.jpg
tts_150358,月之都的射手「清兰」,,character-mar-022,已有卡面／重复裁切,project_image_match,cards/tts_150358__character-mar-022.jpg
tts_150359,幻想的策士「八云蓝」,,character-ucs-053,已有卡面／重复裁切,project_image_match,cards/tts_150359__character-ucs-053.jpg
tts_150360,勤奋的图书管理员「小恶魔」,,character-mar-023,已有卡面／重复裁切,project_image_match,cards/tts_150360__character-mar-023.jpg
tts_150361,地狱的口岸神「庭渡久诧歌」,,character-ucs-058,已有卡面／重复裁切,project_image_match,cards/tts_150361__character-ucs-058.jpg
tts_150362,鬼神仙人「茨木华扇」,UCS-060,character-ucs-060,已有卡面／重复裁切,project_image_match,cards/tts_150362__character-ucs-060.jpg
tts_150363,「灵」,,character-ucs-063,已有卡面／重复裁切,project_image_match,cards/tts_150363__character-ucs-063.jpg
tts_150364,逆袭的天邪鬼「鬼人正邪」,,character-ucs-065,已有卡面／重复裁切,project_image_match,cards/tts_150364__character-ucs-065.jpg
tts_150365,妖怪之山的哨戒「犬走椛」,,character-ucs-056,已有卡面／重复裁切,project_image_match,cards/tts_150365__character-ucs-056.jpg
tts_150366,畜生界的藏匿者「吉吊八千慧」,,character-ucs-066,已有卡面／重复裁切,project_image_match,cards/tts_150366__character-ucs-066.jpg
tts_150367,飞头衍生物,UCS-094,,未对应当前卡池,face_rules_workbook,cards/tts_150367__unmatched.jpg
tts_150368,飞头衍生物,UCS-094,,未对应当前卡池,face_rules_workbook,cards/tts_150368__unmatched.jpg
tts_150500,飞头衍生物,UCS-094,,未对应当前卡池,face_rules_workbook,cards/tts_150500__unmatched.jpg
tts_150501,御柱衍生物,UCS-097,,未对应当前卡池,face_rules_workbook,cards/tts_150501__unmatched.jpg
tts_150502,青蛙衍生物,UCS-098,,未对应当前卡池,face_rules_workbook,cards/tts_150502__unmatched.jpg
tts_150503,半灵衍生物,UCS-099,,未对应当前卡池,face_rules_workbook,cards/tts_150503__unmatched.jpg
tts_150505,究极的绝对秘神「摩多罗·隐岐奈」,,character-ucs-068,已有卡面／重复裁切,variant_ambiguous,cards/tts_150505__ambiguous.jpg
tts_150506,星降之处的道士「丰聪耳神子」,,character-ucs-069,已有卡面／重复裁切,project_image_match,cards/tts_150506__character-ucs-069.jpg
tts_150507,月之头脑「八意永琳」,UCS-070,character-fdf-116,已收录异画,printed_code_workbook,cards/tts_150507__unmatched.jpg
tts_150508,惊天动地的唐伞妖怪「多多良小伞」,,character-ucs-071,已有卡面／重复裁切,project_image_match,cards/tts_150508__character-ucs-071.jpg
tts_150509,山坂与湖水的化身「八坂神奈子」,,character-ucs-072,已有卡面／重复裁切,project_image_match,cards/tts_150509__character-ucs-072.jpg
tts_150600,探宝队员「纳兹琳」,UCS-081,63,已收录异画,printed_code_workbook,cards/tts_150600__unmatched.jpg
tts_150700,「上海人偶」,UCS-084,8,已收录异画,printed_code_workbook,cards/tts_150700__unmatched.jpg
tts_150800,阳花的妖怪「风见幽香」,UCS-085,character-soi-018,已收录异画,printed_code_workbook,cards/tts_150800__unmatched.jpg
tts_150900,灵符「梦想封印-瞬-」,UCS-077,100,已收录异画,printed_code_workbook,cards/tts_150900__unmatched.jpg
tts_151000,七色的人偶使「爱丽丝·玛格特洛依德」,UCS-074,77,已收录异画,printed_code_workbook,cards/tts_151000__unmatched.jpg
tts_151100,忠诚的死体「宫古芳香」,UCS-080,61,已收录异画,printed_code_workbook,cards/tts_151100__unmatched.jpg
tts_151200,恋符「极限火花」,UCS-078,99,已收录异画,printed_code_workbook,cards/tts_151200__unmatched.jpg
tts_151300,「蓬莱人偶」,UCS-083,7,已收录异画,printed_code_workbook,cards/tts_151300__unmatched.jpg
tts_151400,毗沙门天「寅丸星」,UCS-082,character-rei-022,已收录异画,printed_code_workbook,cards/tts_151400__unmatched.jpg
tts_151500,普通的魔法使「雾雨魔理沙」,UCS-076,68,已收录异画,printed_code_workbook,cards/tts_151500__unmatched.jpg
tts_151600,乐园的可爱巫女「博丽灵梦」,UCS-075,70,已收录异画,printed_code_workbook,cards/tts_151600__unmatched.jpg
tts_151700,乐园的可爱巫女「博丽灵梦」,UCS-001,70,已收录异画,printed_code_workbook,cards/tts_151700__unmatched.jpg
tts_152032,白玉ノ阶梯,,field-ucs-064,已有卡面／重复裁切,project_image_match,cards/tts_152032__field-ucs-064.jpg
tts_152033,旧都,UCS-062,field-fdf-108,已收录异画,printed_code_workbook,cards/tts_152033__unmatched.jpg
tts_152034,「承诏必慎」,,spell-ucs-059,已有卡面／重复裁切,project_image_match,cards/tts_152034__spell-ucs-059.jpg
tts_152035,光符「最初ノ人形」,,spell-ucs-057,已有卡面／重复裁切,project_image_match,cards/tts_152035__spell-ucs-057.jpg
tts_152036,「永夜归返-丑ノ刻-」,,spell-ucs-054,已有卡面／重复裁切,project_image_match,cards/tts_152036__spell-ucs-054.jpg
tts_152037,「雾川」,,spell-ucs-052,已有卡面／重复裁切,project_image_match,cards/tts_152037__spell-ucs-052.jpg
tts_152038,雨符「虹彩细雨」,,spell-ucs-050,已有卡面／重复裁切,project_image_match,cards/tts_152038__spell-ucs-050.jpg
tts_152039,光击「射月」,UCS-049,spell-mar-012,已收录异画,printed_code_workbook,cards/tts_152039__unmatched.jpg
tts_152040,灵符「梦想封印-散-」,,spell-rei-012,已有卡面／重复裁切,project_image_match,cards/tts_152040__spell-rei-012.jpg
tts_152041,「Paranoid Lost」,,spell-mar-014,已有卡面／重复裁切,project_image_match,cards/tts_152041__spell-mar-014.jpg
tts_152042,后符「秘神ノ后光」,,spell-ucs-043,已有卡面／重复裁切,project_image_match,cards/tts_152042__spell-ucs-043.jpg
tts_152043,日符「皇家烈焰」,,spell-ucs-041,已有卡面／重复裁切,project_image_match,cards/tts_152043__spell-ucs-041.jpg
tts_152044,神志「思兼ノ意志」,,spell-ucs-039,已有卡面／重复裁切,project_image_match,cards/tts_152044__spell-ucs-039.jpg
tts_152045,「花ノ都」,,spell-ucs-037,已有卡面／重复裁切,project_image_match,cards/tts_152045__spell-ucs-037.jpg
tts_152046,花符「幻想乡ノ开花」,,spell-ucs-035,已有卡面／重复裁切,project_image_match,cards/tts_152046__spell-ucs-035.jpg
tts_152047,「世界ノ间隙·大空魔术」,,spell-ucs-022,已有卡面／重复裁切,project_image_match,cards/tts_152047__spell-ucs-022.jpg
tts_152048,「神明ノ威光」,,spell-ucs-033,已有卡面／重复裁切,project_image_match,cards/tts_152048__spell-ucs-033.jpg
tts_152050,时符「Private Square」,,spell-ucs-031,已有卡面／重复裁切,project_image_match,cards/tts_152050__spell-ucs-031.jpg
tts_152051,人符「现世斩」,,spell-ucs-029,已有卡面／重复裁切,project_image_match,cards/tts_152051__spell-ucs-029.jpg
tts_152052,「Subterranean Rose」,,spell-ucs-011,已有卡面／重复裁切,project_image_match,cards/tts_152052__spell-ucs-011.jpg
tts_152053,非想「非想非非想ノ剑」,,spell-ucs-027,已有卡面／重复裁切,project_image_match,cards/tts_152053__spell-ucs-027.jpg
tts_152054,转世「一条归桥」,,spell-ucs-014,已有卡面／重复裁切,project_image_match,cards/tts_152054__spell-ucs-014.jpg
tts_152056,「红色ノ幻想乡」,UCS-024,spell-fdf-ex05,已收录异画,printed_code_workbook,cards/tts_152056__unmatched.jpg
tts_152057,「鲸落」,,spell-ucs-018,已有卡面／重复裁切,project_image_match,cards/tts_152057__spell-ucs-018.jpg
tts_152058,「神ノ通径」,,spell-ucs-015,已有卡面／重复裁切,project_image_match,cards/tts_152058__spell-ucs-015.jpg
tts_152059,「月ノ闲暇」,,spell-ucs-009,已有卡面／重复裁切,project_image_match,cards/tts_152059__spell-ucs-009.jpg
tts_152060,「山涧ノ川」,,spell-rei-015,已有卡面／重复裁切,project_image_match,cards/tts_152060__spell-rei-015.jpg
tts_152061,「起床ノ地灵殿」,,spell-ucs-004,已有卡面／重复裁切,project_image_match,cards/tts_152061__spell-ucs-004.jpg
tts_152062,「人神ノ黎明景」,,spell-ucs-008,已有卡面／重复裁切,project_image_match,cards/tts_152062__spell-ucs-008.jpg
tts_152100,「神ノ风」,,134,已有卡面／重复裁切,project_image_match,cards/tts_152100__134.png
tts_152300,念写记者「姬海棠果」,UCS-EX03,25,已收录异画,printed_code_workbook,cards/tts_152300__unmatched.png
tts_152400,四季鲜花之主「风见幽香」,UCS-EX01,86,已收录异画,printed_code_workbook,cards/tts_152400__unmatched.png
tts_152800,地底的太阳「灵乌路空」,SOI-080,78,已收录异画,face_rules_workbook,cards/tts_152800__unmatched.png
tts_152900,雪之亡灵「西行寺幽幽子」,UCS-EX04,48,已收录异画,face_rules_workbook,cards/tts_152900__unmatched.png
tts_153000,五谷丰穰之神德「东风谷早苗」,,character-lof-003,已有卡面／重复裁切,project_image_match,cards/tts_153000__character-lof-003.png
tts_153100,香霖堂的谜之妖怪「朱鹭子」,,character-htk-002,已有卡面／重复裁切,project_image_match,cards/tts_153100__character-htk-002.png
tts_153200,月之光「露娜·切露德」,,2,已有卡面／重复裁切,project_image_match,cards/tts_153200__2.png
tts_153300,日之光「桑尼·米尔克」,,1,已有卡面／重复裁切,project_image_match,cards/tts_153300__1.png
tts_153400,柳树下的首级「赤蛮奇」,,character-ucs-023,已有卡面／重复裁切,project_image_match,cards/tts_153400__character-ucs-023.png
tts_153500,「废墟ノ梦」,,124,已有卡面／重复裁切,project_image_match,cards/tts_153500__124.png
tts_153600,「缘起ノ幻想乡」,,111,已有卡面／重复裁切,project_image_match,cards/tts_153600__111.png
tts_153700,永远鲜红的幼月「蕾米莉亚·斯卡蕾特」,SOI-075,74,已收录异画,face_rules_workbook,cards/tts_153700__unmatched.jpg
tts_153800,可怕的波动「芙兰朵露·斯卡蕾特」,REC-114,6,已收录异画,face_rules_workbook,cards/tts_153800__unmatched.jpg
tts_153900,苍天的庭师「魂魄妖梦」,SOI-041,39,已收录异画,face_rules_workbook,cards/tts_153900__unmatched.jpg
tts_154000,毗沙门天「寅丸星」,SOI-067,character-rei-022,已收录异画,printed_code_workbook,cards/tts_154000__unmatched.jpg
tts_154100,邪术仙人「霍青娥」,SOI-064,62,已收录异画,face_rules_workbook,cards/tts_154100__unmatched.jpg
tts_154200,忠诚的死体「宫古芳香」,SOI-063,61,已收录异画,face_rules_workbook,cards/tts_154200__unmatched.jpg
tts_154300,博丽神社,SOI-103,170,已收录异画,face_rules_workbook,cards/tts_154300__unmatched.jpg
tts_154400,红魔馆,SOI-102,169,已收录异画,face_rules_workbook,cards/tts_154400__unmatched.jpg
tts_154500,神枪「冈格尼尔」,SOI-112,109,已收录异画,face_rules_workbook,cards/tts_154500__unmatched.jpg
tts_154600,小面,,token-htk-031,已有卡面／重复裁切,project_image_match,cards/tts_154600__token-htk-031.jpg
tts_154601,姥面,,token-htk-033,已有卡面／重复裁切,project_image_match,cards/tts_154601__token-htk-033.jpg
tts_154602,般若面,,token-htk-032,已有卡面／重复裁切,project_image_match,cards/tts_154602__token-htk-032.jpg
tts_154603,「香霖堂的谜之书籍」,,item-htk-008,已有卡面／重复裁切,project_image_match,cards/tts_154603__item-htk-008.jpg
tts_154604,「妖精公主的信物」,,item-lof-009,已有卡面／重复裁切,project_image_match,cards/tts_154604__item-lof-009.jpg
tts_154605,「青ノ花」,,spell-fdn-069,已有卡面／重复裁切,project_image_match,cards/tts_154605__spell-fdn-069.jpg
tts_154606,凭依「喜怒哀乐附体」,,spell-htk-003,已有卡面／重复裁切,project_image_match,cards/tts_154606__spell-htk-003.jpg
tts_154607,冻符「冰柱海潮」,,spell-lof-007,已有卡面／重复裁切,project_image_match,cards/tts_154607__spell-lof-007.jpg
tts_154608,「妖精ノ巡礼」,,spell-fdn-066,已有卡面／重复裁切,project_image_match,cards/tts_154608__spell-fdn-066.jpg
tts_154609,「奏中ノ能乐、亡失ノ感情」,,spell-htk-004,已有卡面／重复裁切,project_image_match,cards/tts_154609__spell-htk-004.jpg
tts_154610,「可爱ノ妖精叠奏曲」,,spell-lof-006,已有卡面／重复裁切,project_image_match,cards/tts_154610__spell-lof-006.jpg
tts_154611,「常夜ノ樱」,,spell-htk-018,已有卡面／重复裁切,project_image_match,cards/tts_154611__spell-htk-018.jpg
tts_154612,连接海与山的月之公主「绵月丰姬」,,character-fdn-067,已有卡面／重复裁切,project_image_match,cards/tts_154612__character-fdn-067.jpg
tts_154613,「花田的妖精」,,character-lof-004,已有卡面／重复裁切,project_image_match,cards/tts_154613__character-lof-004.jpg
tts_154614,夏的妖精「爱塔妮缇拉尔瓦」,LOF-005,character-rei-ex01,已收录异画,face_rules_workbook,cards/tts_154614__unmatched.jpg
tts_154615,春的另一面「莉莉黑」,,character-fdn-068,已有卡面／重复裁切,project_image_match,cards/tts_154615__character-fdn-068.jpg
tts_154616,雾之湖公主「大妖精」,,character-lof-002,已有卡面／重复裁切,project_image_match,cards/tts_154616__character-lof-002.jpg
tts_154617,「龙宫使者」,SOI-058,56,已收录异画,printed_code_workbook,cards/tts_154617__unmatched.jpg
tts_154618,「妖精衍生物」,,,未对应当前卡池,face_transcription,cards/tts_154618__unmatched.jpg
tts_154619,表情丰富的扑克脸「秦心」,,character-htk-001,已有卡面／重复裁切,project_image_match,cards/tts_154619__character-htk-001.jpg
tts_154620,活力四射的冰之勇者「琪露诺」,,character-lof-001,已有卡面／重复裁切,project_image_match,cards/tts_154620__character-lof-001.jpg
tts_154621,五谷丰穰之神德「东风谷早苗」,,character-lof-003,已有卡面／重复裁切,project_image_match,cards/tts_154621__character-lof-003.jpg
tts_154622,香霖堂的谜之妖怪「朱鹭子」,,character-htk-002,已有卡面／重复裁切,project_image_match,cards/tts_154622__character-htk-002.jpg
tts_154623,使人做梦的妖怪「哆来咪·苏伊特」,,character-htk-005,已有卡面／重复裁切,project_image_match,cards/tts_154623__character-htk-005.jpg
tts_154700,烤八目鳗,,token-fdf-127,已有卡面／重复裁切,project_image_match,cards/tts_154700__token-fdf-127.jpg
tts_154701,美宵之酒,FDF-128,token-fdf-128,已有卡面／重复裁切,project_image_match,cards/tts_154701__token-fdf-128.jpg
tts_154702,「月兔制造机」,,item-fdf-097,已有卡面／重复裁切,project_image_match,cards/tts_154702__item-fdf-097.jpg
tts_154703,「蓬莱的玉枝」,,item-fdf-096,已有卡面／重复裁切,project_image_match,cards/tts_154703__item-fdf-096.jpg
tts_154704,魔炮「Final Master Spark」,,spell-fdf-008,已有卡面／重复裁切,project_image_match,cards/tts_154704__spell-fdf-008.jpg
tts_154705,星符「Meteonic Shower」,FDF-023,spell-fdf-023,已有卡面／重复裁切,project_image_match,cards/tts_154705__spell-fdf-023.jpg
tts_154706,星符「Escape Velocity」,FDF-019,spell-fdf-019,已有卡面／重复裁切,project_image_match,cards/tts_154706__spell-fdf-019.jpg
tts_154707,魔符「Stardust Reverie」,FDF-036,spell-fdf-036,已有卡面／重复裁切,project_image_match,cards/tts_154707__spell-fdf-036.jpg
tts_154708,道符「掌上の天道」,,spell-fdf-001,已有卡面／重复裁切,project_image_match,cards/tts_154708__spell-fdf-001.jpg
tts_154709,名誉「十二阶の色彩」,,spell-fdf-002,已有卡面／重复裁切,project_image_match,cards/tts_154709__spell-fdf-002.jpg
tts_154710,风神「风神木叶隐身术」,,spell-fdf-124,已有卡面／重复裁切,project_image_match,cards/tts_154710__spell-fdf-124.jpg
tts_154711,灵符「梦想妙珠」,REI-011,spell-rei-011,已有卡面／重复裁切,project_image_match,cards/tts_154711__spell-rei-011.jpg
tts_154712,「夏」,,spell-fdf-005,已有卡面／重复裁切,project_image_match,cards/tts_154712__spell-fdf-005.jpg
tts_154713,梦符「二重结界」,FDF-011,spell-fdf-011,已有卡面／重复裁切,project_image_match,cards/tts_154713__spell-fdf-011.jpg
tts_154714,神技「八方鬼缚阵」,FDF-007,spell-fdf-007,已有卡面／重复裁切,project_image_match,cards/tts_154714__spell-fdf-007.jpg
tts_154715,宝具「阴阳鬼神玉」,REI-010,spell-rei-010,已有卡面／重复裁切,project_image_match,cards/tts_154715__spell-rei-010.jpg
tts_154716,新史「新幻想史-现代史-」,,spell-fdf-009,已有卡面／重复裁切,project_image_match,cards/tts_154716__spell-fdf-009.jpg
tts_154717,虚史「幻想乡传说」,,spell-fdf-010,已有卡面／重复裁切,project_image_match,cards/tts_154717__spell-fdf-010.jpg
tts_154718,要石「天空ノ灵石」,,spell-fdf-013,已有卡面／重复裁切,project_image_match,cards/tts_154718__spell-fdf-013.jpg
tts_154719,结界「梦境与现实ノ诅咒」,,spell-fdf-014,已有卡面／重复裁切,project_image_match,cards/tts_154719__spell-fdf-014.jpg
tts_154720,幻葬「夜雾ノ幻影杀人鬼」,,spell-fdf-040,已有卡面／重复裁切,project_image_match,cards/tts_154720__spell-fdf-040.jpg
tts_154721,女仆秘技「杀人玩偶」,,spell-fdf-017,已有卡面／重复裁切,project_image_match,cards/tts_154721__spell-fdf-017.jpg
tts_154722,幻在「Clock Corpse」,,spell-fdf-055,已有卡面／重复裁切,project_image_match,cards/tts_154722__spell-fdf-055.jpg
tts_154723,反应「妖怪测谎仪」,,spell-fdf-018,已有卡面／重复裁切,project_image_match,cards/tts_154723__spell-fdf-018.jpg
tts_154724,表象「弹幕偏执狂」,,spell-fdf-021,已有卡面／重复裁切,project_image_match,cards/tts_154724__spell-fdf-021.jpg
tts_154725,深层「无意识ノ基因」,,spell-fdf-022,已有卡面／重复裁切,project_image_match,cards/tts_154725__spell-fdf-022.jpg
tts_154726,魂符「生魂流离ノ镰」,,spell-fdf-045,已有卡面／重复裁切,project_image_match,cards/tts_154726__spell-fdf-045.jpg
tts_154727,投钱「宵越ノ钱」,,spell-fdf-056,已有卡面／重复裁切,project_image_match,cards/tts_154727__spell-fdf-056.jpg
tts_154728,换命「不惜身命，可惜身命」,,spell-fdf-016,已有卡面／重复裁切,project_image_match,cards/tts_154728__spell-fdf-016.jpg
tts_154729,操符「乙女文乐」,,spell-fdf-030,已有卡面／重复裁切,project_image_match,cards/tts_154729__spell-fdf-030.jpg
tts_154730,诅咒「魔光ノ上海人形」,,spell-fdf-025,已有卡面／重复裁切,project_image_match,cards/tts_154730__spell-fdf-025.jpg
tts_154731,「幻想春花」,,spell-fdf-026,已有卡面／重复裁切,project_image_match,cards/tts_154731__spell-fdf-026.jpg
tts_154732,爆符「Mage-Flare」,,spell-fdf-027,已有卡面／重复裁切,project_image_match,cards/tts_154732__spell-fdf-027.jpg
tts_154733,核热「核反应制御不能」,,spell-fdf-028,已有卡面／重复裁切,project_image_match,cards/tts_154733__spell-fdf-028.jpg
tts_154734,心花「Camera-Shy Rose」,,spell-fdf-033,已有卡面／重复裁切,project_image_match,cards/tts_154734__spell-fdf-033.jpg
tts_154735,脑符「Brain Fingerprint」,,spell-fdf-032,已有卡面／重复裁切,project_image_match,cards/tts_154735__spell-fdf-032.jpg
tts_154736,花符「Flower Land」,,spell-fdf-031,已有卡面／重复裁切,project_image_match,cards/tts_154736__spell-fdf-031.jpg
tts_154737,源符「厌川丿翡翠」,,spell-fdf-034,已有卡面／重复裁切,project_image_match,cards/tts_154737__spell-fdf-034.jpg
tts_154738,「冬」,,spell-fdf-042,已有卡面／重复裁切,project_image_match,cards/tts_154738__spell-fdf-042.jpg
tts_154739,红符「不夜城-RED-」,,spell-fdf-035,已有卡面／重复裁切,project_image_match,cards/tts_154739__spell-fdf-035.jpg
tts_154740,夜符「Queen of Midnight」,,spell-fdf-037,已有卡面／重复裁切,project_image_match,cards/tts_154740__spell-fdf-037.jpg
tts_154741,冥符「虹色ノ冥界」,,spell-fdf-038,已有卡面／重复裁切,project_image_match,cards/tts_154741__spell-fdf-038.jpg
tts_154742,萃符「户隐山ノ投」,,spell-fdf-043,已有卡面／重复裁切,project_image_match,cards/tts_154742__spell-fdf-043.jpg
tts_154743,「新绿ノ音·延伸ノ景」,,spell-fdf-039,已有卡面／重复裁切,project_image_match,cards/tts_154743__spell-fdf-039.jpg
tts_154744,「5:30 PM」,,spell-fdf-085,已有卡面／重复裁切,project_image_match,cards/tts_154744__spell-fdf-085.jpg
tts_154745,「逸脱者ノ光」,,spell-fdf-003,已有卡面／重复裁切,project_image_match,cards/tts_154745__spell-fdf-003.jpg
tts_154746,「圣ノ鼓动·法界ノ火」,,spell-fdf-044,已有卡面／重复裁切,project_image_match,cards/tts_154746__spell-fdf-044.jpg
tts_154747,魔法「紫云ノ兆」,,spell-fdf-053,已有卡面／重复裁切,project_image_match,cards/tts_154747__spell-fdf-053.jpg
tts_154748,「云中」,FDF-054,spell-fdf-054,已有卡面／重复裁切,project_image_match,cards/tts_154748__spell-fdf-054.jpg
tts_154749,「天空の魔法使」,,spell-fdf-120,已有卡面／重复裁切,project_image_match,cards/tts_154749__spell-fdf-120.jpg
tts_154750,妖剑「辉针剑」,,spell-fdf-059,已有卡面／重复裁切,project_image_match,cards/tts_154750__spell-fdf-059.jpg
tts_154751,亡乡「亡我乡-彷徨ノ灵魂」,,spell-fdf-047,已有卡面／重复裁切,project_image_match,cards/tts_154751__spell-fdf-047.jpg
tts_154752,樱符「Sense of Cherry Blossom」,,spell-fdf-048,已有卡面／重复裁切,project_image_match,cards/tts_154752__spell-fdf-048.jpg
tts_154753,人鬼「未来永劫斩-樱-」,,spell-fdf-049,已有卡面／重复裁切,project_image_match,cards/tts_154753__spell-fdf-049.jpg
tts_154754,断迷剑「迷津慈航斩」,,spell-fdf-050,已有卡面／重复裁切,project_image_match,cards/tts_154754__spell-fdf-050.jpg
tts_154755,禁弹「Catadioptric」,,spell-fdf-051,已有卡面／重复裁切,project_image_match,cards/tts_154755__spell-fdf-051.jpg
tts_154756,幻波「赤眼催眠」,,spell-fdf-052,已有卡面／重复裁切,project_image_match,cards/tts_154756__spell-fdf-052.jpg
tts_154757,死灵「死ノ妖精」,,spell-fdf-006,已有卡面／重复裁切,project_image_match,cards/tts_154757__spell-fdf-006.jpg
tts_154758,猫符「Cat’s Walk」,,spell-fdf-012,已有卡面／重复裁切,project_image_match,cards/tts_154758__spell-fdf-012.jpg
tts_154759,赎罪「旧地狱的针山」,,spell-fdf-121,已有卡面／重复裁切,project_image_match,cards/tts_154759__spell-fdf-121.jpg
tts_154760,狂符「幻视调率」,,spell-fdf-057,已有卡面／重复裁切,project_image_match,cards/tts_154760__spell-fdf-057.jpg
tts_154761,禁忌「Four of a Kind」,,spell-fdf-058,已有卡面／重复裁切,project_image_match,cards/tts_154761__spell-fdf-058.jpg
tts_154762,神符「天人ノ系谱」,,spell-fdf-015,已有卡面／重复裁切,project_image_match,cards/tts_154762__spell-fdf-015.jpg
tts_154763,「永夜归还-待宵-」,,spell-fdf-060,已有卡面／重复裁切,project_image_match,cards/tts_154763__spell-fdf-060.jpg
tts_154764,秘术「天文密葬法」,,spell-fdf-061,已有卡面／重复裁切,project_image_match,cards/tts_154764__spell-fdf-061.jpg
tts_154765,鬼群「Imp Swarm」,,spell-fdf-062,已有卡面／重复裁切,project_image_match,cards/tts_154765__spell-fdf-062.jpg
tts_154766,秘法「九字切」,,spell-fdf-063,已有卡面／重复裁切,project_image_match,cards/tts_154766__spell-fdf-063.jpg
tts_154767,「Mooned Insect」,,spell-fdf-064,已有卡面／重复裁切,project_image_match,cards/tts_154767__spell-fdf-064.jpg
tts_154768,月符「静寂ノ月神」,,spell-fdf-024,已有卡面／重复裁切,project_image_match,cards/tts_154768__spell-fdf-024.jpg
tts_154800,「畜生调服」,,spell-fdf-066,已有卡面／重复裁切,project_image_match,cards/tts_154800__spell-fdf-066.jpg
tts_154801,秘仪「弹幕ノ玉茧」,,spell-fdf-067,已有卡面／重复裁切,project_image_match,cards/tts_154801__spell-fdf-067.jpg
tts_154802,门符「最后ノ理想国」,,spell-fdf-068,已有卡面／重复裁切,project_image_match,cards/tts_154802__spell-fdf-068.jpg
tts_154803,光晕「唐伞惊吓闪光」,,spell-fdf-122,已有卡面／重复裁切,project_image_match,cards/tts_154803__spell-fdf-122.jpg
tts_154804,「游星弹幕“X”」,,spell-fdf-071,已有卡面／重复裁切,project_image_match,cards/tts_154804__spell-fdf-071.jpg
tts_154805,「平安京ノ恶梦」,,spell-fdf-072,已有卡面／重复裁切,project_image_match,cards/tts_154805__spell-fdf-072.jpg
tts_154806,执符「御射山御狩神事」,,spell-fdf-073,已有卡面／重复裁切,project_image_match,cards/tts_154806__spell-fdf-073.jpg
tts_154807,神祭「Expanded Onbashira」,,spell-fdf-074,已有卡面／重复裁切,project_image_match,cards/tts_154807__spell-fdf-074.jpg
tts_154808,「招雨ノ雨蛙」,,spell-fdf-080,已有卡面／重复裁切,project_image_match,cards/tts_154808__spell-fdf-080.jpg
tts_154809,金符「Metal Fatigue」,,spell-fdf-075,已有卡面／重复裁切,project_image_match,cards/tts_154809__spell-fdf-075.jpg
tts_154810,水符「Princess Undine」,,spell-fdf-077,已有卡面／重复裁切,project_image_match,cards/tts_154810__spell-fdf-077.jpg
tts_154811,土符「Lazy Trilithon」,,spell-fdf-076,已有卡面／重复裁切,project_image_match,cards/tts_154811__spell-fdf-076.jpg
tts_154812,火符「Agni Shine」,,spell-fdf-078,已有卡面／重复裁切,project_image_match,cards/tts_154812__spell-fdf-078.jpg
tts_154813,木符「Sylphy Horn」,,spell-fdf-079,已有卡面／重复裁切,project_image_match,cards/tts_154813__spell-fdf-079.jpg
tts_154814,「最凶&最恶」,,spell-fdf-081,已有卡面／重复裁切,project_image_match,cards/tts_154814__spell-fdf-081.jpg
tts_154815,结界「光与暗ノ网目」,,spell-fdf-082,已有卡面／重复裁切,project_image_match,cards/tts_154815__spell-fdf-082.jpg
tts_154816,怒面「愤怒ノ忌狼面」,,spell-fdf-083,已有卡面／重复裁切,project_image_match,cards/tts_154816__spell-fdf-083.jpg
tts_154817,「守护ノ要石」,,spell-fdf-084,已有卡面／重复裁切,project_image_match,cards/tts_154817__spell-fdf-084.jpg
tts_154818,「全人类ノ绯想天」,,spell-fdf-086,已有卡面／重复裁切,project_image_match,cards/tts_154818__spell-fdf-086.jpg
tts_154819,雨符「雨夜ノ怪谈」,,spell-fdf-123,已有卡面／重复裁切,project_image_match,cards/tts_154819__spell-fdf-123.jpg
tts_154820,秘术「遗忘ノ祭仪」,,spell-fdf-087,已有卡面／重复裁切,project_image_match,cards/tts_154820__spell-fdf-087.jpg
tts_154821,「Wall of Issun」,,spell-fdf-088,已有卡面／重复裁切,project_image_match,cards/tts_154821__spell-fdf-088.jpg
tts_154822,再思ノ道,,field-fdf-089,已有卡面／重复裁切,project_image_match,cards/tts_154822__field-fdf-089.jpg
tts_154823,守矢神社,,field-fdf-107,已有卡面／重复裁切,project_image_match,cards/tts_154823__field-fdf-107.jpg
tts_154824,旧都,,field-fdf-108,已有卡面／重复裁切,project_image_match,cards/tts_154824__field-fdf-108.jpg
tts_154825,要石,,token-fdf-129,已有卡面／重复裁切,project_image_match,cards/tts_154825__token-fdf-129.jpg
tts_154826,水难事故的化身「村纱水蜜」,,character-fdf-100,已有卡面／重复裁切,project_image_match,cards/tts_154826__character-fdf-100.jpg
tts_154827,小小的贤将「纳兹琳」,,character-fdf-092,已有卡面／重复裁切,project_image_match,cards/tts_154827__character-fdf-092.jpg
tts_154828,禁止通行「云居一轮&云山」,,character-fdf-046,已有卡面／重复裁切,project_image_match,cards/tts_154828__character-fdf-046.jpg
tts_154829,萤火的行踪「莉格露·奈特巴格」,,character-fdf-104,已有卡面／重复裁切,project_image_match,cards/tts_154829__character-fdf-104.jpg
tts_154830,巧言令色的白兔「因幡帝」,,character-fdf-098,已有卡面／重复裁切,project_image_match,cards/tts_154830__character-fdf-098.jpg
tts_154831,鲜红的恶魔「蕾米莉亚·斯卡雷特」,,character-fdf-091,已有卡面／重复裁切,project_image_match,cards/tts_154831__character-fdf-091.jpg
tts_154832,花田的新人「梅蒂欣·梅兰可莉」,,character-fdf-109,已有卡面／重复裁切,project_image_match,cards/tts_154832__character-fdf-109.jpg
tts_154833,鲵吞亭的店花「奥野田美宵」,FDF-095,character-fdf-095,已有卡面／重复裁切,project_image_match,cards/tts_154833__character-fdf-095.jpg
tts_154834,深夜食堂店长「米斯蒂娅·萝蕾拉」,,character-fdf-094,已有卡面／重复裁切,project_image_match,cards/tts_154834__character-fdf-094.jpg
tts_154835,幻想的冬天之物「蕾蒂·霍瓦特洛克」,FDF-070,character-fdf-070,已有卡面／重复裁切,project_image_match,cards/tts_154835__character-fdf-070.jpg
tts_154836,控龙的少女「物部布都」,,character-fdf-093,已有卡面／重复裁切,project_image_match,cards/tts_154836__character-fdf-093.jpg
tts_154837,神明后裔的亡灵「苏我屠自古」,,character-fdf-111,已有卡面／重复裁切,project_image_match,cards/tts_154837__character-fdf-111.jpg
tts_154838,诵经的山彦「幽谷响子」,,character-fdf-069,已有卡面／重复裁切,project_image_match,cards/tts_154838__character-fdf-069.jpg
tts_154839,生意兴隆的吉祥物「豪德寺三花」,FDF-099,character-fdf-099,已有卡面／重复裁切,project_image_match,cards/tts_154839__character-fdf-099.jpg
tts_154840,华之大江山「星熊勇仪」,,character-fdf-110,已有卡面／重复裁切,project_image_match,cards/tts_154840__character-fdf-110.jpg
tts_154841,无间之钟「姬海棠果」,,character-fdf-105,已有卡面／重复裁切,project_image_match,cards/tts_154841__character-fdf-105.jpg
tts_154842,天才的造型神「埴安神袿姬」,,character-fdf-106,已有卡面／重复裁切,project_image_match,cards/tts_154842__character-fdf-106.jpg
tts_154843,布加勒斯特的人偶师「爱丽丝·玛格特罗伊德」,,character-fdf-112,已有卡面／重复裁切,project_image_match,cards/tts_154843__character-fdf-112.jpg
tts_154844,污秽的有机怪物「天火人血枪」,,character-fdf-065,已有卡面／重复裁切,project_image_match,cards/tts_154844__character-fdf-065.jpg
tts_154845,狂气的地狱妖精「克劳恩皮丝」,,character-fdf-113,已有卡面／重复裁切,project_image_match,cards/tts_154845__character-fdf-113.jpg
tts_154846,雪中的天狗「犬走椛」,,character-fdf-101,已有卡面／重复裁切,project_image_match,cards/tts_154846__character-fdf-101.jpg
tts_154847,「胆小的小人士兵」,,character-fdf-103,已有卡面／重复裁切,project_image_match,cards/tts_154847__character-fdf-103.jpg
tts_154848,耳边低语的邪恶白狐「菅牧典」,,character-fdf-114,已有卡面／重复裁切,project_image_match,cards/tts_154848__character-fdf-114.jpg
tts_154849,「自异星而来的物体」,,character-fdf-115,已有卡面／重复裁切,project_image_match,cards/tts_154849__character-fdf-115.jpg
tts_154850,鬼衍生物,FDF-130,token-fdf-130,已有卡面／重复裁切,project_image_match,cards/tts_154850__token-fdf-130.jpg
tts_154851,不明物体,,token-fdf-131,已有卡面／重复裁切,project_image_match,cards/tts_154851__token-fdf-131.jpg
tts_154852,月兔衍生物,FDF-132,token-fdf-132,已有卡面／重复裁切,project_image_match,cards/tts_154852__token-fdf-132.jpg
tts_154853,吸血鬼衍生物,FDF-133,token-fdf-133,待核对规则／数值,printed_code_workbook,cards/tts_154853__unmatched.jpg
tts_154854,人偶衍生物,FDF-134,,未对应当前卡池,face_rules_workbook,cards/tts_154854__unmatched.jpg
tts_154855,虫群衍生物,FDF-135,,未对应当前卡池,printed_code_workbook,cards/tts_154855__unmatched.jpg
tts_154856,幻胧的月兔「铃仙·优昙华院·因幡」,,character-fdf-090,已有卡面／重复裁切,project_image_match,cards/tts_154856__character-fdf-090.jpg
tts_154857,川雾的引航人「小野冢小町」,,character-fdf-029,已有卡面／重复裁切,project_image_match,cards/tts_154857__character-fdf-029.jpg
tts_154858,月之头脑「八意永琳」,,character-fdf-116,已有卡面／重复裁切,project_image_match,cards/tts_154858__character-fdf-116.jpg
tts_154859,平安时代的妖怪「封兽鵺」,,character-fdf-117,已有卡面／重复裁切,project_image_match,cards/tts_154859__character-fdf-117.jpg
tts_154860,平安时代的妖怪「封兽ぬえ」,FDF-118,character-fdf-117,待核对规则／数值,printed_code_workbook,cards/tts_154860__unmatched.jpg
tts_154861,不动的大图书馆「帕秋莉·诺蕾姬」,,character-fdf-119,已有卡面／重复裁切,project_image_match,cards/tts_154861__character-fdf-119.jpg
tts_154862,完美而潇洒的从者「十六夜咲夜」,,character-fdf-041,已有卡面／重复裁切,project_image_match,cards/tts_154862__character-fdf-041.jpg
tts_154863,幽冥的剑术家「魂魄妖梦」,,character-fdf-102,已有卡面／重复裁切,project_image_match,cards/tts_154863__character-fdf-102.jpg
tts_154900,「约定」,REI-006,spell-rei-006,已有卡面／重复裁切,project_image_match,cards/tts_154900__spell-rei-006.jpg
tts_154901,雾雨魔法店,MAR-006,field-mar-006,已有卡面／重复裁切,project_image_match,cards/tts_154901__field-mar-006.jpg
tts_154902,「灵击符」,MAR-007,spell-mar-007,已有卡面／重复裁切,project_image_match,cards/tts_154902__spell-mar-007.jpg
tts_154903,恋心「Double Spark」,MAR-002,spell-mar-002,已有卡面／重复裁切,project_image_match,cards/tts_154903__spell-mar-002.jpg
tts_154904,大结界的巫女「博丽灵梦」,REI-001,character-rei-001,已有卡面／重复裁切,project_image_match,cards/tts_154904__character-rei-001.jpg
tts_154905,「结界ノ一侧」,MAR-005,spell-mar-005,已有卡面／重复裁切,project_image_match,cards/tts_154905__spell-mar-005.jpg
tts_154906,光击「射月」,,spell-mar-012,已有卡面／重复裁切,project_image_match,cards/tts_154906__spell-mar-012.jpg
tts_154907,毗沙门天「寅丸星」,,character-rei-022,已有卡面／重复裁切,project_image_match,cards/tts_154907__character-rei-022.jpg
tts_154908,阳花的妖怪「风见幽香」,REI-024,character-soi-018,已收录异画,printed_code_workbook,cards/tts_154908__unmatched.jpg
tts_154909,邪恋「容易结果ノ极限火花」,MAR-004,spell-mar-004,已有卡面／重复裁切,project_image_match,cards/tts_154909__spell-mar-004.jpg
tts_154910,结界「扩散结界」,REI-002,spell-rei-002,已有卡面／重复裁切,project_image_match,cards/tts_154910__spell-rei-002.jpg
tts_154911,系缚阵,REI-005,field-rei-005,已有卡面／重复裁切,project_image_match,cards/tts_154911__field-rei-005.jpg
tts_154912,恋符「Non-Directional Laser」,MAR-003,spell-mar-003,已有卡面／重复裁切,project_image_match,cards/tts_154912__spell-mar-003.jpg
tts_154913,常置阵,REI-004,field-rei-004,已有卡面／重复裁切,project_image_match,cards/tts_154913__field-rei-004.jpg
tts_154914,警醒阵,REI-003,field-rei-003,已有卡面／重复裁切,project_image_match,cards/tts_154914__field-rei-003.jpg
tts_154915,「山童探险家」,REI-007,character-rei-007,已有卡面／重复裁切,project_image_match,cards/tts_154915__character-rei-007.jpg
tts_154916,胆大心细的魔法使「雾雨魔理沙」,MAR-EX,character-mar-ex,已有卡面／重复裁切,project_image_match,cards/tts_154916__character-mar-ex.jpg
tts_154917,七曜魔法使「帕秋莉·诺蕾姬」,MAR-EX01,character-mar-ex01,已收录异画,printed_code_workbook,cards/tts_154917__unmatched.jpg
tts_155100,战栗的蓬莱人「藤原妹红」,,character-fdn-004,已有卡面／重复裁切,project_image_match,cards/tts_155100__character-fdn-004.jpg
tts_155101,QED「495年ノ波纹」,,spell-fdn-017,已有卡面／重复裁切,project_image_match,cards/tts_155101__spell-fdn-017.jpg
tts_155102,「U.N.OWEN 就是她吗？」,,spell-fdn-005,已有卡面／重复裁切,project_image_match,cards/tts_155102__spell-fdn-005.jpg
tts_155103,背德的姐妹「蕾米莉亚&芙兰朵露」,,character-fdn-025,已有卡面／重复裁切,project_image_match,cards/tts_155103__character-fdn-025.jpg
tts_155104,「冰精ノ花环」,,spell-fdn-022,已有卡面／重复裁切,project_image_match,cards/tts_155104__spell-fdn-022.jpg
tts_155105,新闻素材,,token-fdn-082,已有卡面／重复裁切,project_image_match,cards/tts_155105__token-fdn-082.jpg
tts_155106,「因幡帝的幸运萝卜」,,item-fdn-044,已有卡面／重复裁切,project_image_match,cards/tts_155106__item-fdn-044.jpg
tts_155107,「地灵殿的妖精」,,character-fdn-024,已有卡面／重复裁切,project_image_match,cards/tts_155107__character-fdn-024.jpg
tts_155108,「不详」,,spell-fdn-009,已有卡面／重复裁切,project_image_match,cards/tts_155108__spell-fdn-009.jpg
tts_155109,「白玉楼ノ夕」,,spell-fdn-020,已有卡面／重复裁切,project_image_match,cards/tts_155109__spell-fdn-020.jpg
tts_155110,生药「国士无双ノ药」,,spell-fdn-028,已有卡面／重复裁切,project_image_match,cards/tts_155110__spell-fdn-028.jpg
tts_155111,「幻波ノ影、狂气ノ瞳」,,spell-fdn-032,已有卡面／重复裁切,project_image_match,cards/tts_155111__spell-fdn-032.jpg
tts_155112,「根下」,,spell-fdn-030,已有卡面／重复裁切,project_image_match,cards/tts_155112__spell-fdn-030.jpg
tts_155113,结界「魅力ノ四重结界」,,spell-fdn-011,已有卡面／重复裁切,project_image_match,cards/tts_155113__spell-fdn-011.jpg
tts_155114,小弹「小人ノ道路」,,spell-fdn-023,已有卡面／重复裁切,project_image_match,cards/tts_155114__spell-fdn-023.jpg
tts_155115,「昼酒」,,spell-fdn-029,已有卡面／重复裁切,project_image_match,cards/tts_155115__spell-fdn-029.jpg
tts_155116,不死「火鳥-鳳翼天翔-」,,spell-fdn-003,已有卡面／重复裁切,project_image_match,cards/tts_155116__spell-fdn-003.jpg
tts_155117,「飘上月球、不死之烟」,,spell-fdn-001,已有卡面／重复裁切,project_image_match,cards/tts_155117__spell-fdn-001.jpg
tts_155118,蓬莱「凯风快晴-Fujiyama Volcano-」,,spell-fdn-002,已有卡面／重复裁切,project_image_match,cards/tts_155118__spell-fdn-002.jpg
tts_155119,四天王奥义「三步坏废」,,spell-ucs-026,已有卡面／重复裁切,project_image_match,cards/tts_155119__spell-ucs-026.jpg
tts_155120,幻想「第一种永久机关」,,spell-ucs-019,已有卡面／重复裁切,project_image_match,cards/tts_155120__spell-ucs-019.jpg
tts_155121,试作型超巨大人偶「歌莉娅人偶」,,character-fdn-045,已有卡面／重复裁切,project_image_match,cards/tts_155121__character-fdn-045.jpg
tts_155122,「祈雨ノ阵」,FDN-016,field-fdn-016,已有卡面／重复裁切,project_image_match,cards/tts_155122__field-fdn-016.jpg
tts_155123,「境界」,FDN-063,114,已收录异画,printed_code_workbook,cards/tts_155123__unmatched.jpg
tts_155124,突符「天狗巨漾流」,,spell-fdn-039,已有卡面／重复裁切,project_image_match,cards/tts_155124__spell-fdn-039.jpg
tts_155125,旧地狱的宠物妖怪「火焰猫燐」,FDN-053,character-ucs-038,已收录异画,printed_code_workbook,cards/tts_155125__unmatched.jpg
tts_155126,「魔法之森的妖精」,,character-fdn-013,已有卡面／重复裁切,project_image_match,cards/tts_155126__character-fdn-013.jpg
tts_155127,「红魔馆的吸血鬼女仆」,,character-fdn-041,已有卡面／重复裁切,project_image_match,cards/tts_155127__character-fdn-041.jpg
tts_155128,「富士见之女」,,character-fdn-043,已有卡面／重复裁切,project_image_match,cards/tts_155128__character-fdn-043.jpg
tts_155129,彼岸的鸡之神「庭渡久侘歌」,,character-fdn-021,已有卡面／重复裁切,project_image_match,cards/tts_155129__character-fdn-021.jpg
tts_155130,难以驾驭的神之火「灵乌路空」,,character-fdn-042,已有卡面／重复裁切,project_image_match,cards/tts_155130__character-fdn-042.jpg
tts_155131,辘轳首的怪奇「赤蛮奇」,,character-fdn-034,已有卡面／重复裁切,project_image_match,cards/tts_155131__character-fdn-034.jpg
tts_155132,土著神之顶「洩矢诹访子」,FDN-049,93,已收录异画,printed_code_workbook,cards/tts_155132__unmatched.jpg
tts_155133,栖息于淡水的人鱼「若鹭姬」,,character-fdn-027,已有卡面／重复裁切,project_image_match,cards/tts_155133__character-fdn-027.jpg
tts_155134,回忆「恐怖催眠术」,,spell-fdn-033,已有卡面／重复裁切,project_image_match,cards/tts_155134__spell-fdn-033.jpg
tts_155135,实验中「歌莉娅人形」,,spell-fdn-046,已有卡面／重复裁切,project_image_match,cards/tts_155135__spell-fdn-046.jpg
tts_155136,「幼心ノ地，有顶天变」,,spell-fdn-010,已有卡面／重复裁切,project_image_match,cards/tts_155136__spell-fdn-010.jpg
tts_155137,天符「天道是非ノ剑」,,spell-fdn-031,已有卡面／重复裁切,project_image_match,cards/tts_155137__spell-fdn-031.jpg
tts_155138,雾符「云集雾散」,,spell-fdn-015,已有卡面／重复裁切,project_image_match,cards/tts_155138__spell-fdn-015.jpg
tts_155139,「红魔馆的吸血鬼妖精」,,character-fdn-014,已有卡面／重复裁切,project_image_match,cards/tts_155139__character-fdn-014.jpg
tts_155140,死歌「八重雾中渡」,,spell-fdn-018,已有卡面／重复裁切,project_image_match,cards/tts_155140__spell-fdn-018.jpg
tts_155141,死价「price of life」,,spell-fdn-019,已有卡面／重复裁切,project_image_match,cards/tts_155141__spell-fdn-019.jpg
tts_155142,小夜岚的女仆「十六夜咲夜」,FDN-052,character-ucs-032,已收录异画,printed_code_workbook,cards/tts_155142__unmatched.jpg
tts_155143,沉着冷静的人狼「今泉影狼」,,character-fdn-035,已有卡面／重复裁切,project_image_match,cards/tts_155143__character-fdn-035.jpg
tts_155144,「吸血鬼衍生物」,,,未对应当前卡池,face_transcription,cards/tts_155144__unmatched.jpg
tts_155145,幻象衍生物,FDN-085,token-fdn-085,已有卡面／重复裁切,project_image_match,cards/tts_155145__token-fdn-085.jpg
tts_155146,半灵,,token-ucs-099,已有卡面／重复裁切,project_image_match,cards/tts_155146__token-ucs-099.jpg
tts_155147,吸血鬼衍生物,FDF-133,token-fdf-133,已有卡面／重复裁切,project_image_match,cards/tts_155147__token-fdf-133.jpg
tts_155148,「妖怪之山的妖精」,,character-fdn-006,已有卡面／重复裁切,project_image_match,cards/tts_155148__character-fdn-006.jpg
tts_155149,「妖精们的居所」,,character-fdn-007,已有卡面／重复裁切,project_image_match,cards/tts_155149__character-fdn-007.jpg
tts_155150,「凭坐ノ缚」,,spell-fdn-040,已有卡面／重复裁切,project_image_match,cards/tts_155150__spell-fdn-040.jpg
tts_155151,魂魄「幽冥求闻持聪ノ法」,,spell-fdn-012,已有卡面／重复裁切,project_image_match,cards/tts_155151__spell-fdn-012.jpg
tts_155152,「侦察的天狗」,,character-fdn-038,已有卡面／重复裁切,project_image_match,cards/tts_155152__character-fdn-038.jpg
tts_155153,夜王「Deacula Cradle」,,spell-fdn-008,已有卡面／重复裁切,project_image_match,cards/tts_155153__spell-fdn-008.jpg
tts_155154,「要塞的天狗」,,character-fdn-037,已有卡面／重复裁切,project_image_match,cards/tts_155154__character-fdn-037.jpg
tts_155155,绯红的宵暗「蕾米莉亚·斯卡蕾特」,,character-fdn-048,已有卡面／重复裁切,project_image_match,cards/tts_155155__character-ucs-067.jpg
tts_155156,绯红的霄暗「蕾米莉亚·斯卡雷特」,,character-fdn-048,已有卡面／重复裁切,project_image_match,cards/tts_155156__character-fdn-048.jpg
tts_155157,传统的幻想记者 「射命丸文」,,character-fdn-036,已有卡面／重复裁切,project_image_match,cards/tts_155157__character-fdn-036.jpg
tts_155158,惊天动地的唐伞妖怪「多多良小伞」,FDN-051,character-ucs-071,已收录异画,printed_code_workbook,cards/tts_155158__unmatched.jpg
tts_155159,天地上等「比那名居天子」,,character-ucs-061,已有卡面／重复裁切,project_image_match,cards/tts_155159__character-ucs-061.jpg
tts_155160,意识之底「古明地觉&古明地恋」,,character-fdn-026,已有卡面／重复裁切,project_image_match,cards/tts_155160__character-fdn-026.jpg
tts_155161,永远与须臾的罪人「蓬莱山辉夜」,FDN-059,85,已收录异画,printed_code_workbook,cards/tts_155161__unmatched.jpg
